trial,operation,requests,rps
1,pushread5,1000000,131442.70
2,pushread5,1000000,135767.58
3,pushread5,1000000,136165.58
4,pushread5,1000000,136188.48
5,pushread5,1000000,136397.17
6,pushread5,1000000,136334.83
7,pushread5,1000000,136520.95
8,pushread5,1000000,136707.59
9,pushread5,1000000,136635.06
10,pushread5,1000000,136337.02
11,pushread5,1000000,136392.80
12,pushread5,1000000,136125.22
13,pushread5,1000000,136974.11
14,pushread5,1000000,136751.53
15,pushread5,1000000,136576.89
16,pushread5,1000000,136786.77
17,pushread5,1000000,136943.17
18,pushread5,1000000,136480.34
19,pushread5,1000000,136248.50
20,pushread5,1000000,136234.30
21,pushread5,1000000,133765.66
22,pushread5,1000000,136500.12
23,pushread5,1000000,136380.73
24,pushread5,1000000,136485.88
25,pushread5,1000000,136612.02
26,pushread5,1000000,136445.30
27,pushread5,1000000,136957.55
28,pushread5,1000000,136434.38
29,pushread5,1000000,136697.66
30,pushread5,1000000,136450.81
31,pushread5,1000000,137047.00
32,pushread5,1000000,136480.34
33,pushread5,1000000,136520.95
34,pushread5,1000000,136556.06
35,pushread5,1000000,136537.41
36,pushread5,1000000,136276.92
37,pushread5,1000000,136826.38
38,pushread5,1000000,136886.94
39,pushread5,1000000,136674.59
40,pushread5,1000000,136478.17
41,pushread5,1000000,136378.56
42,pushread5,1000000,136262.70
43,pushread5,1000000,136147.05
44,pushread5,1000000,137018.22
45,pushread5,1000000,136351.23
46,pushread5,1000000,136258.34
47,pushread5,1000000,136686.72
48,pushread5,1000000,136688.91
49,pushread5,1000000,136299.86
50,pushread5,1000000,136784.58
51,pushread5,1000000,136878.17
52,pushread5,1000000,136351.23
53,pushread5,1000000,136399.34
54,pushread5,1000000,135991.30
55,pushread5,1000000,131830.22
56,pushread5,1000000,137155.41
57,pushread5,1000000,133944.81
58,pushread5,1000000,136250.67
59,pushread5,1000000,136483.69
60,pushread5,1000000,136543.97
61,pushread5,1000000,136523.14
62,pushread5,1000000,136558.23
63,pushread5,1000000,135998.91
64,pushread5,1000000,136132.86
65,pushread5,1000000,136095.81
66,pushread5,1000000,136322.80
67,pushread5,1000000,136297.67
68,pushread5,1000000,136425.66
69,pushread5,1000000,136276.92
70,pushread5,1000000,136537.41
71,pushread5,1000000,136334.83
72,pushread5,1000000,134638.67
73,pushread5,1000000,136770.25
74,pushread5,1000000,137211.86
75,pushread5,1000000,137011.66
76,pushread5,1000000,137026.03
77,pushread5,1000000,136857.25
78,pushread5,1000000,136863.83
79,pushread5,1000000,136595.55
80,pushread5,1000000,136056.59
81,pushread5,1000000,136276.92
82,pushread5,1000000,136390.62
83,pushread5,1000000,136546.16
84,pushread5,1000000,136455.17
85,pushread5,1000000,137024.80
86,pushread5,1000000,136697.66
87,pushread5,1000000,136369.83
88,pushread5,1000000,136390.62
89,pushread5,1000000,136483.69
90,pushread5,1000000,136614.20
91,pushread5,1000000,136130.69
92,pushread5,1000000,136184.12
93,pushread5,1000000,136314.06
94,pushread5,1000000,136190.66
95,pushread5,1000000,136076.19
96,pushread5,1000000,136467.25
97,pushread5,1000000,136417.95
98,pushread5,1000000,135952.16
99,pushread5,1000000,136430.02
100,pushread5,1000000,136801.09
101,pushread5,1000000,136351.23
102,pushread5,1000000,136385.11
103,pushread5,1000000,136276.92
104,pushread5,1000000,135816.38
105,pushread5,1000000,136299.86
106,pushread5,1000000,136502.31
107,pushread5,1000000,136480.34
108,pushread5,1000000,136026.11
109,pushread5,1000000,134700.44
110,pushread5,1000000,136207.03
111,pushread5,1000000,136434.38
112,pushread5,1000000,136579.08
113,pushread5,1000000,136997.25
114,pushread5,1000000,136599.92
115,pushread5,1000000,136649.36
116,pushread5,1000000,136295.48
117,pushread5,1000000,136726.28
118,pushread5,1000000,136606.47
119,pushread5,1000000,136139.39
120,pushread5,1000000,136590.00
121,pushread5,1000000,136440.92
122,pushread5,1000000,136481.50
123,pushread5,1000000,136264.88
124,pushread5,1000000,136308.58
125,pushread5,1000000,135839.17
126,pushread5,1000000,136353.42
127,pushread5,1000000,136770.25
128,pushread5,1000000,136531.88
129,pushread5,1000000,137140.98
130,pushread5,1000000,136534.06
131,pushread5,1000000,136737.22
132,pushread5,1000000,136901.30
133,pushread5,1000000,136518.78
134,pushread5,1000000,136612.02
135,pushread5,1000000,136801.09
136,pushread5,1000000,131960.42
137,pushread5,1000000,136462.88
138,pushread5,1000000,131487.78
139,pushread5,1000000,136670.22
140,pushread5,1000000,136763.69
141,pushread5,1000000,136260.52
142,pushread5,1000000,136686.72
143,pushread5,1000000,136781.19
144,pushread5,1000000,136765.88
145,pushread5,1000000,136337.02
146,pushread5,1000000,136959.73
147,pushread5,1000000,136290.00
148,pushread5,1000000,136063.12
149,pushread5,1000000,131561.64
150,pushread5,1000000,136593.36
151,pushread5,1000000,135903.25
152,pushread5,1000000,136334.83
153,pushread5,1000000,136390.62
154,pushread5,1000000,136337.02
155,pushread5,1000000,133787.83
156,pushread5,1000000,136446.45
157,pushread5,1000000,136054.42
158,pushread5,1000000,136329.33
159,pushread5,1000000,136316.25
160,pushread5,1000000,136817.62
161,pushread5,1000000,136438.75
162,pushread5,1000000,136030.47
163,pushread5,1000000,136614.20
164,pushread5,1000000,136372.02
165,pushread5,1000000,135984.77
166,pushread5,1000000,136894.73
167,pushread5,1000000,136924.42
168,pushread5,1000000,136038.09
169,pushread5,1000000,136425.66
170,pushread5,1000000,136417.95
171,pushread5,1000000,135943.45
172,pushread5,1000000,136290.00
173,pushread5,1000000,136353.42
174,pushread5,1000000,136065.31
175,pushread5,1000000,136276.92
176,pushread5,1000000,136227.77
177,pushread5,1000000,136707.59
178,pushread5,1000000,136595.55
179,pushread5,1000000,136770.25
180,pushread5,1000000,136779.00
181,pushread5,1000000,136761.48
182,pushread5,1000000,136297.67
183,pushread5,1000000,136411.41
184,pushread5,1000000,136471.61
185,pushread5,1000000,136467.25
186,pushread5,1000000,131113.16
187,pushread5,1000000,136003.27
188,pushread5,1000000,136504.50
189,pushread5,1000000,136828.56
190,pushread5,1000000,136798.91
191,pushread5,1000000,136063.12
192,pushread5,1000000,136209.20
193,pushread5,1000000,136606.47
194,pushread5,1000000,136329.33
195,pushread5,1000000,136432.20
196,pushread5,1000000,136809.84
197,pushread5,1000000,136332.66
198,pushread5,1000000,136407.05
199,pushread5,1000000,136670.22
200,pushread5,1000000,136511.05
201,pushread5,1000000,134759.20
202,pushread5,1000000,136444.27
203,pushread5,1000000,137093.34
204,pushread5,1000000,137042.62
205,pushread5,1000000,136774.62
206,pushread5,1000000,137331.50
207,pushread5,1000000,136581.27
208,pushread5,1000000,137182.98
209,pushread5,1000000,134214.47
210,pushread5,1000000,136446.45
211,pushread5,1000000,136446.45
212,pushread5,1000000,136413.59
213,pushread5,1000000,136221.22
214,pushread5,1000000,136407.05
215,pushread5,1000000,136724.09
216,pushread5,1000000,136481.50
217,pushread5,1000000,136054.42
218,pushread5,1000000,136341.38
219,pushread5,1000000,135906.50
220,pushread5,1000000,136056.59
221,pushread5,1000000,134743.20
222,pushread5,1000000,135755.67
223,pushread5,1000000,136169.94
224,pushread5,1000000,136562.61
225,pushread5,1000000,135986.94
226,pushread5,1000000,136056.59
227,pushread5,1000000,136359.97
228,pushread5,1000000,136350.09
229,pushread5,1000000,136541.78
230,pushread5,1000000,136614.20
231,pushread5,1000000,136751.53
232,pushread5,1000000,136504.50
233,pushread5,1000000,136436.56
234,pushread5,1000000,136376.38
235,pushread5,1000000,136693.28
236,pushread5,1000000,134749.67
237,pushread5,1000000,136576.89
238,pushread5,1000000,136651.55
239,pushread5,1000000,136508.88
240,pushread5,1000000,136172.11
241,pushread5,1000000,136494.61
242,pushread5,1000000,136427.83
243,pushread5,1000000,136726.28
244,pushread5,1000000,136283.45
245,pushread5,1000000,136550.52
246,pushread5,1000000,136587.81
247,pushread5,1000000,136639.44
248,pushread5,1000000,136483.69
249,pushread5,1000000,136232.12
250,pushread5,1000000,136430.02
251,pushread5,1000000,107765.52
252,pushread5,1000000,136576.89
253,pushread5,1000000,136950.97
254,pushread5,1000000,136788.95
255,pushread5,1000000,137005.08
256,pushread5,1000000,137345.97
257,pushread5,1000000,134640.81
258,pushread5,1000000,136614.20
259,pushread5,1000000,136320.61
260,pushread5,1000000,136040.27
261,pushread5,1000000,133561.97
262,pushread5,1000000,136397.17
263,pushread5,1000000,136392.80
264,pushread5,1000000,136718.52
265,pushread5,1000000,136711.95
266,pushread5,1000000,136705.41
267,pushread5,1000000,136978.50
268,pushread5,1000000,136369.83
269,pushread5,1000000,136763.69
270,pushread5,1000000,136622.95
271,pushread5,1000000,136651.55
272,pushread5,1000000,136593.36
273,pushread5,1000000,136724.09
274,pushread5,1000000,136357.78
275,pushread5,1000000,136411.41
276,pushread5,1000000,136658.11
277,pushread5,1000000,136595.55
278,pushread5,1000000,136814.23
279,pushread5,1000000,136459.55
280,pushread5,1000000,136157.94
281,pushread5,1000000,136691.09
282,pushread5,1000000,132048.06
283,pushread5,1000000,136574.70
284,pushread5,1000000,135954.33
285,pushread5,1000000,136531.88
286,pushread5,1000000,136021.77
287,pushread5,1000000,135995.64
288,pushread5,1000000,136209.20
289,pushread5,1000000,136109.97
290,pushread5,1000000,136558.23
291,pushread5,1000000,134662.00
292,pushread5,1000000,136744.97
293,pushread5,1000000,136537.41
294,pushread5,1000000,136753.72
295,pushread5,1000000,136186.30
296,pushread5,1000000,136169.94
297,pushread5,1000000,136560.42
298,pushread5,1000000,135924.97
299,pushread5,1000000,136176.47
300,pushread5,1000000,136260.52
301,pushread5,1000000,136128.50
302,pushread5,1000000,136359.97
303,pushread5,1000000,135991.30
304,pushread5,1000000,136287.81
305,pushread5,1000000,136221.22
306,pushread5,1000000,136295.48
307,pushread5,1000000,136276.92
308,pushread5,1000000,136030.47
309,pushread5,1000000,136378.56
310,pushread5,1000000,136444.27
311,pushread5,1000000,136390.62
312,pushread5,1000000,135998.91
313,pushread5,1000000,136407.05
314,pushread5,1000000,136322.80
315,pushread5,1000000,134430.97
316,pushread5,1000000,136980.69
317,pushread5,1000000,136481.50
318,pushread5,1000000,136892.55
319,pushread5,1000000,136612.02
320,pushread5,1000000,136724.09
321,pushread5,1000000,136153.58
322,pushread5,1000000,136651.55
323,pushread5,1000000,136780.20
324,pushread5,1000000,136814.23
325,pushread5,1000000,136574.70
326,pushread5,1000000,136686.72
327,pushread5,1000000,125988.41
328,pushread5,1000000,132382.31
329,pushread5,1000000,136688.91
330,pushread5,1000000,136380.73
331,pushread5,1000000,136260.52
332,pushread5,1000000,136562.61
333,pushread5,1000000,136302.03
334,pushread5,1000000,135982.59
335,pushread5,1000000,136093.62
336,pushread5,1000000,136109.97
337,pushread5,1000000,136279.09
338,pushread5,1000000,136500.12
339,pushread5,1000000,136295.48
340,pushread5,1000000,136483.69
341,pushread5,1000000,136279.09
342,pushread5,1000000,134831.88
343,pushread5,1000000,137030.42
344,pushread5,1000000,136593.36
345,pushread5,1000000,136686.72
346,pushread5,1000000,136502.31
347,pushread5,1000000,136732.84
348,pushread5,1000000,136612.02
349,pushread5,1000000,136688.91
350,pushread5,1000000,136763.69
351,pushread5,1000000,136372.02
352,pushread5,1000000,137084.58
353,pushread5,1000000,136465.06
354,pushread5,1000000,136558.23
355,pushread5,1000000,137067.98
356,pushread5,1000000,136873.80
357,pushread5,1000000,136826.38
358,pushread5,1000000,131895.55
359,pushread5,1000000,136743.78
360,pushread5,1000000,136339.19
361,pushread5,1000000,136260.52
362,pushread5,1000000,136475.98
363,pushread5,1000000,137138.78
364,pushread5,1000000,136276.92
365,pushread5,1000000,136388.44
366,pushread5,1000000,136649.36
367,pushread5,1000000,136798.91
368,pushread5,1000000,137438.16
369,pushread5,1000000,136805.47
370,pushread5,1000000,137023.84
371,pushread5,1000000,137122.17
372,pushread5,1000000,136763.69
373,pushread5,1000000,136716.33
374,pushread5,1000000,136948.78
375,pushread5,1000000,136649.36
376,pushread5,1000000,136932.22
377,pushread5,1000000,136425.66
378,pushread5,1000000,136653.73
379,pushread5,1000000,136637.25
380,pushread5,1000000,136905.69
381,pushread5,1000000,136988.48
382,pushread5,1000000,136788.95
383,pushread5,1000000,136616.39
384,pushread5,1000000,136688.91
385,pushread5,1000000,136632.88
386,pushread5,1000000,136453.00
387,pushread5,1000000,136643.81
388,pushread5,1000000,136711.95
389,pushread5,1000000,136660.30
390,pushread5,1000000,137091.16
391,pushread5,1000000,136593.36
392,pushread5,1000000,136388.44
393,pushread5,1000000,136664.67
394,pushread5,1000000,136302.03
395,pushread5,1000000,136513.23
396,pushread5,1000000,136534.06
397,pushread5,1000000,136702.02
398,pushread5,1000000,136635.06
399,pushread5,1000000,136772.44
400,pushread5,1000000,136172.11
401,pushread5,1000000,136417.95
402,pushread5,1000000,136488.06
403,pushread5,1000000,136502.31
404,pushread5,1000000,136407.05
405,pushread5,1000000,135945.62
406,pushread5,1000000,136153.58
407,pushread5,1000000,136202.67
408,pushread5,1000000,136529.70
409,pushread5,1000000,136543.97
410,pushread5,1000000,136662.48
411,pushread5,1000000,134763.52
412,pushread5,1000000,136091.45
413,pushread5,1000000,136388.44
414,pushread5,1000000,136229.94
415,pushread5,1000000,136054.42
416,pushread5,1000000,136225.58
417,pushread5,1000000,136707.59
418,pushread5,1000000,136058.78
419,pushread5,1000000,136369.83
420,pushread5,1000000,136500.12
421,pushread5,1000000,136574.70
422,pushread5,1000000,136329.33
423,pushread5,1000000,136207.03
424,pushread5,1000000,136438.75
425,pushread5,1000000,136086.00
426,pushread5,1000000,136648.19
427,pushread5,1000000,136334.83
428,pushread5,1000000,136310.75
429,pushread5,1000000,136167.77
430,pushread5,1000000,136151.41
431,pushread5,1000000,135851.11
432,pushread5,1000000,136093.62
433,pushread5,1000000,136403.72
434,pushread5,1000000,136035.92
435,pushread5,1000000,136407.05
436,pushread5,1000000,136295.48
437,pushread5,1000000,136260.52
438,pushread5,1000000,136130.69
439,pushread5,1000000,136546.16
440,pushread5,1000000,136347.92
441,pushread5,1000000,123860.29
442,pushread5,1000000,136819.81
443,pushread5,1000000,136264.88
444,pushread5,1000000,137061.41
445,pushread5,1000000,136455.17
446,pushread5,1000000,136095.81
447,pushread5,1000000,136873.80
448,pushread5,1000000,136465.06
449,pushread5,1000000,136467.25
450,pushread5,1000000,136221.22
451,pushread5,1000000,136372.02
452,pushread5,1000000,136744.97
453,pushread5,1000000,136500.12
454,pushread5,1000000,136630.69
455,pushread5,1000000,136539.59
456,pushread5,1000000,136693.28
457,pushread5,1000000,136302.03
458,pushread5,1000000,136649.36
459,pushread5,1000000,136670.22
460,pushread5,1000000,136204.84
461,pushread5,1000000,136873.80
462,pushread5,1000000,136569.17
463,pushread5,1000000,134824.48
464,pushread5,1000000,136409.22
465,pushread5,1000000,136299.86
466,pushread5,1000000,135888.03
467,pushread5,1000000,136334.83
468,pushread5,1000000,136390.62
469,pushread5,1000000,136749.34
470,pushread5,1000000,136500.12
471,pushread5,1000000,136295.48
472,pushread5,1000000,135802.28
473,pushread5,1000000,136424.50
474,pushread5,1000000,136517.61
475,pushread5,1000000,136023.94
476,pushread5,1000000,136009.78
477,pushread5,1000000,135851.11
478,pushread5,1000000,136353.42
479,pushread5,1000000,134162.59
480,pushread5,1000000,136221.22
481,pushread5,1000000,136988.48
482,pushread5,1000000,136283.45
483,pushread5,1000000,136229.94
484,pushread5,1000000,136382.92
485,pushread5,1000000,136801.09
486,pushread5,1000000,136882.56
487,pushread5,1000000,136310.75
488,pushread5,1000000,136541.78
489,pushread5,1000000,136465.06
490,pushread5,1000000,136576.89
491,pushread5,1000000,136556.06
492,pushread5,1000000,136788.95
493,pushread5,1000000,136817.62
494,pushread5,1000000,136401.53
495,pushread5,1000000,136539.59
496,pushread5,1000000,136967.53
497,pushread5,1000000,136128.50
498,pushread5,1000000,134499.00
499,pushread5,1000000,135888.03
500,pushread5,1000000,136372.02
501,pushread5,1000000,136483.69
502,pushread5,1000000,136425.66
503,pushread5,1000000,136490.23
504,pushread5,1000000,136705.41
505,pushread5,1000000,136019.58
506,pushread5,1000000,136724.09
507,pushread5,1000000,136592.19
508,pushread5,1000000,136726.28
509,pushread5,1000000,136581.27
510,pushread5,1000000,136974.11
511,pushread5,1000000,136742.78
512,pushread5,1000000,136485.88
513,pushread5,1000000,135964.11
514,pushread5,1000000,135634.34
515,pushread5,1000000,136145.92
516,pushread5,1000000,136192.84
517,pushread5,1000000,136911.28
518,pushread5,1000000,136213.56
519,pushread5,1000000,136627.31
520,pushread5,1000000,136471.61
521,pushread5,1000000,136225.58
522,pushread5,1000000,136670.22
523,pushread5,1000000,134464.97
524,pushread5,1000000,136304.22
525,pushread5,1000000,136658.11
526,pushread5,1000000,136630.69
527,pushread5,1000000,136548.34
528,pushread5,1000000,136574.70
529,pushread5,1000000,136744.97
530,pushread5,1000000,136997.25
531,pushread5,1000000,136763.69
532,pushread5,1000000,136707.59
533,pushread5,1000000,136612.02
534,pushread5,1000000,136784.58
535,pushread5,1000000,136109.97
536,pushread5,1000000,136409.22
537,pushread5,1000000,136537.41
538,pushread5,1000000,136857.25
539,pushread5,1000000,136861.64
540,pushread5,1000000,118696.26
541,pushread5,1000000,136637.25
542,pushread5,1000000,136262.70
543,pushread5,1000000,136334.83
544,pushread5,1000000,136128.50
545,pushread5,1000000,136388.44
546,pushread5,1000000,136095.81
547,pushread5,1000000,136394.98
548,pushread5,1000000,136316.25
549,pushread5,1000000,136450.81
550,pushread5,1000000,135998.91
551,pushread5,1000000,136448.62
552,pushread5,1000000,136691.09
553,pushread5,1000000,135871.73
554,pushread5,1000000,136577.91
555,pushread5,1000000,136378.56
556,pushread5,1000000,136372.02
557,pushread5,1000000,135915.20
558,pushread5,1000000,136726.28
559,pushread5,1000000,136165.58
560,pushread5,1000000,136017.41
561,pushread5,1000000,136120.86
562,pushread5,1000000,136028.28
563,pushread5,1000000,136372.02
564,pushread5,1000000,136413.59
565,pushread5,1000000,136167.77
566,pushread5,1000000,136430.02
567,pushread5,1000000,136405.89
568,pushread5,1000000,136176.47
569,pushread5,1000000,136081.64
570,pushread5,1000000,136297.67
571,pushread5,1000000,136295.48
572,pushread5,1000000,133891.02
573,pushread5,1000000,132661.19
574,pushread5,1000000,135687.39
575,pushread5,1000000,136172.11
576,pushread5,1000000,135816.38
577,pushread5,1000000,135597.56
578,pushread5,1000000,136165.58
579,pushread5,1000000,136215.75
580,pushread5,1000000,136369.83
581,pushread5,1000000,136310.75
582,pushread5,1000000,135347.14
583,pushread5,1000000,136845.09
584,pushread5,1000000,136878.17
585,pushread5,1000000,137032.61
586,pushread5,1000000,136782.39
587,pushread5,1000000,136502.31
588,pushread5,1000000,136747.16
589,pushread5,1000000,136539.59
590,pushread5,1000000,134754.89
591,pushread5,1000000,136422.31
592,pushread5,1000000,136462.88
593,pushread5,1000000,136192.84
594,pushread5,1000000,136444.27
595,pushread5,1000000,136490.23
596,pushread5,1000000,132314.38
597,pushread5,1000000,136467.25
598,pushread5,1000000,136192.84
599,pushread5,1000000,135673.31
600,pushread5,1000000,136213.56
601,pushread5,1000000,136518.78
602,pushread5,1000000,136155.75
603,pushread5,1000000,136662.48
604,pushread5,1000000,134777.36
605,pushread5,1000000,136283.45
606,pushread5,1000000,136374.20
607,pushread5,1000000,136453.00
608,pushread5,1000000,136063.12
609,pushread5,1000000,136202.67
610,pushread5,1000000,136149.22
611,pushread5,1000000,136481.50
612,pushread5,1000000,136184.12
613,pushread5,1000000,136417.95
614,pushread5,1000000,136473.80
615,pushread5,1000000,134194.31
616,pushread5,1000000,136427.83
617,pushread5,1000000,137080.19
618,pushread5,1000000,136241.95
619,pushread5,1000000,136614.20
620,pushread5,1000000,136950.97
621,pushread5,1000000,136838.53
622,pushread5,1000000,137080.19
623,pushread5,1000000,136894.73
624,pushread5,1000000,136369.83
625,pushread5,1000000,136502.31
626,pushread5,1000000,136707.59
627,pushread5,1000000,136658.11
628,pushread5,1000000,136863.83
629,pushread5,1000000,136297.67
630,pushread5,1000000,136859.45
631,pushread5,1000000,134415.05
632,pushread5,1000000,136707.59
633,pushread5,1000000,134749.67
634,pushread5,1000000,136019.58
635,pushread5,1000000,136169.94
636,pushread5,1000000,135991.30
637,pushread5,1000000,136246.31
638,pushread5,1000000,136304.22
639,pushread5,1000000,136260.52
640,pushread5,1000000,136500.12
641,pushread5,1000000,136279.09
642,pushread5,1000000,136513.23
643,pushread5,1000000,136186.30
644,pushread5,1000000,136714.14
645,pushread5,1000000,136095.81
646,pushread5,1000000,136285.64
647,pushread5,1000000,136471.61
648,pushread5,1000000,136560.42
649,pushread5,1000000,136413.59
650,pushread5,1000000,136334.83
651,pushread5,1000000,136500.12
652,pushread5,1000000,136798.91
653,pushread5,1000000,136211.39
654,pushread5,1000000,136114.33
655,pushread5,1000000,136114.33
656,pushread5,1000000,136388.44
657,pushread5,1000000,136347.92
658,pushread5,1000000,136392.80
659,pushread5,1000000,136537.41
660,pushread5,1000000,136737.22
661,pushread5,1000000,136761.48
662,pushread5,1000000,134947.52
663,pushread5,1000000,136896.92
664,pushread5,1000000,136448.62
665,pushread5,1000000,136560.42
666,pushread5,1000000,136797.70
667,pushread5,1000000,136260.52
668,pushread5,1000000,136875.98
669,pushread5,1000000,134433.12
670,pushread5,1000000,136651.55
671,pushread5,1000000,130934.80
672,pushread5,1000000,135468.98
673,pushread5,1000000,135853.28
674,pushread5,1000000,136016.31
675,pushread5,1000000,132102.50
676,pushread5,1000000,136786.77
677,pushread5,1000000,136273.61
678,pushread5,1000000,136139.39
679,pushread5,1000000,136407.05
680,pushread5,1000000,135888.03
681,pushread5,1000000,136021.77
682,pushread5,1000000,136612.02
683,pushread5,1000000,136369.83
684,pushread5,1000000,136417.95
685,pushread5,1000000,136481.50
686,pushread5,1000000,136481.50
687,pushread5,1000000,136225.58
688,pushread5,1000000,136221.22
689,pushread5,1000000,136172.11
690,pushread5,1000000,136299.86
691,pushread5,1000000,136688.91
692,pushread5,1000000,136174.30
693,pushread5,1000000,136427.83
694,pushread5,1000000,136417.95
695,pushread5,1000000,136184.12
696,pushread5,1000000,136537.41
697,pushread5,1000000,136635.06
698,pushread5,1000000,136444.27
699,pushread5,1000000,136527.52
700,pushread5,1000000,136264.88
701,pushread5,1000000,136583.45
702,pushread5,1000000,136290.00
703,pushread5,1000000,136602.11
704,pushread5,1000000,136541.78
705,pushread5,1000000,137032.61
706,pushread5,1000000,136726.28
707,pushread5,1000000,136483.69
708,pushread5,1000000,136763.69
709,pushread5,1000000,135853.28
710,pushread5,1000000,136407.05
711,pushread5,1000000,131943.53
712,pushread5,1000000,136520.95
713,pushread5,1000000,136093.62
714,pushread5,1000000,136269.25
715,pushread5,1000000,136207.03
716,pushread5,1000000,136285.64
717,pushread5,1000000,134820.16
718,pushread5,1000000,136525.33
719,pushread5,1000000,136782.39
720,pushread5,1000000,136780.20
721,pushread5,1000000,136660.30
722,pushread5,1000000,136840.72
723,pushread5,1000000,136209.20
724,pushread5,1000000,134811.53
725,pushread5,1000000,136788.95
726,pushread5,1000000,136554.89
727,pushread5,1000000,136899.11
728,pushread5,1000000,136157.94
729,pushread5,1000000,136369.83
730,pushread5,1000000,136392.80
731,pushread5,1000000,136805.47
732,pushread5,1000000,136581.27
733,pushread5,1000000,136649.36
734,pushread5,1000000,136649.36
735,pushread5,1000000,136238.66
736,pushread5,1000000,105699.43
737,pushread5,1000000,136297.67
738,pushread5,1000000,136780.20
739,pushread5,1000000,136186.30
740,pushread5,1000000,136141.56
741,pushread5,1000000,136409.22
742,pushread5,1000000,136546.16
743,pushread5,1000000,136207.03
744,pushread5,1000000,136483.69
745,pushread5,1000000,136798.91
746,pushread5,1000000,135871.73
747,pushread5,1000000,136174.30
748,pushread5,1000000,136167.77
749,pushread5,1000000,136075.11
750,pushread5,1000000,136221.22
751,pushread5,1000000,136550.52
752,pushread5,1000000,136292.19
753,pushread5,1000000,136620.77
754,pushread5,1000000,136334.83
755,pushread5,1000000,136465.06
756,pushread5,1000000,136195.02
757,pushread5,1000000,135843.52
758,pushread5,1000000,136097.98
759,pushread5,1000000,136473.80
760,pushread5,1000000,136072.94
761,pushread5,1000000,136446.45
762,pushread5,1000000,136562.61
763,pushread5,1000000,136095.81
764,pushread5,1000000,136465.06
765,pushread5,1000000,136287.81
766,pushread5,1000000,136448.62
767,pushread5,1000000,136674.59
768,pushread5,1000000,136155.75
769,pushread5,1000000,136635.06
770,pushread5,1000000,136269.25
771,pushread5,1000000,136917.86
772,pushread5,1000000,136444.27
773,pushread5,1000000,136556.06
774,pushread5,1000000,134034.58
775,pushread5,1000000,136186.30
776,pushread5,1000000,136378.56
777,pushread5,1000000,136306.39
778,pushread5,1000000,136299.86
779,pushread5,1000000,136523.14
780,pushread5,1000000,136221.22
781,pushread5,1000000,136480.34
782,pushread5,1000000,135797.94
783,pushread5,1000000,104691.79
784,pushread5,1000000,136765.88
785,pushread5,1000000,130742.31
786,pushread5,1000000,135966.28
787,pushread5,1000000,136376.38
788,pushread5,1000000,135961.94
789,pushread5,1000000,136071.84
790,pushread5,1000000,136548.34
791,pushread5,1000000,136132.86
792,pushread5,1000000,136374.20
793,pushread5,1000000,136195.02
794,pushread5,1000000,136221.22
795,pushread5,1000000,135980.42
796,pushread5,1000000,136038.09
797,pushread5,1000000,135931.50
798,pushread5,1000000,136662.48
799,pushread5,1000000,136258.34
800,pushread5,1000000,136241.95
801,pushread5,1000000,136369.83
802,pushread5,1000000,136394.98
803,pushread5,1000000,136260.52
804,pushread5,1000000,136244.14
805,pushread5,1000000,136017.41
806,pushread5,1000000,135855.45
807,pushread5,1000000,136434.38
808,pushread5,1000000,136320.61
809,pushread5,1000000,136481.50
810,pushread5,1000000,136612.02
811,pushread5,1000000,136364.33
812,pushread5,1000000,136483.69
813,pushread5,1000000,136297.67
814,pushread5,1000000,136873.80
815,pushread5,1000000,136704.20
816,pushread5,1000000,136744.97
817,pushread5,1000000,136109.97
818,pushread5,1000000,136279.09
819,pushread5,1000000,136674.59
820,pushread5,1000000,134761.36
821,pushread5,1000000,136513.23
822,pushread5,1000000,134164.75
823,pushread5,1000000,133794.25
824,pushread5,1000000,136896.92
825,pushread5,1000000,136558.23
826,pushread5,1000000,136394.98
827,pushread5,1000000,136574.70
828,pushread5,1000000,136857.25
829,pushread5,1000000,110163.47
830,pushread5,1000000,136467.25
831,pushread5,1000000,136622.95
832,pushread5,1000000,136276.92
833,pushread5,1000000,135949.97
834,pushread5,1000000,136252.86
835,pushread5,1000000,136649.36
836,pushread5,1000000,136511.05
837,pushread5,1000000,136415.77
838,pushread5,1000000,134789.05
839,pushread5,1000000,136693.28
840,pushread5,1000000,136704.20
841,pushread5,1000000,136608.66
842,pushread5,1000000,137086.77
843,pushread5,1000000,136483.69
844,pushread5,1000000,136672.41
845,pushread5,1000000,137103.38
846,pushread5,1000000,136558.23
847,pushread5,1000000,136857.25
848,pushread5,1000000,136922.23
849,pushread5,1000000,136444.27
850,pushread5,1000000,136662.48
851,pushread5,1000000,135933.67
852,pushread5,1000000,136005.44
853,pushread5,1000000,136075.11
854,pushread5,1000000,133827.91
855,pushread5,1000000,136861.64
856,pushread5,1000000,136635.06
857,pushread5,1000000,136592.19
858,pushread5,1000000,136971.92
859,pushread5,1000000,136112.16
860,pushread5,1000000,137018.22
861,pushread5,1000000,136562.61
862,pushread5,1000000,136385.11
863,pushread5,1000000,136697.66
864,pushread5,1000000,136805.47
865,pushread5,1000000,136355.61
866,pushread5,1000000,136128.50
867,pushread5,1000000,136915.67
868,pushread5,1000000,136653.73
869,pushread5,1000000,136742.78
870,pushread5,1000000,136541.78
871,pushread5,1000000,136697.66
872,pushread5,1000000,136430.02
873,pushread5,1000000,136670.22
874,pushread5,1000000,136817.62
875,pushread5,1000000,136411.41
876,pushread5,1000000,136262.70
877,pushread5,1000000,136294.36
878,pushread5,1000000,136560.42
879,pushread5,1000000,136302.03
880,pushread5,1000000,136707.59
881,pushread5,1000000,136327.16
882,pushread5,1000000,136227.77
883,pushread5,1000000,135724.22
884,pushread5,1000000,136564.80
885,pushread5,1000000,136838.53
886,pushread5,1000000,128355.28
887,pushread5,1000000,136459.55
888,pushread5,1000000,136204.84
889,pushread5,1000000,136595.55
890,pushread5,1000000,136548.34
891,pushread5,1000000,134824.48
892,pushread5,1000000,135226.50
893,pushread5,1000000,136670.22
894,pushread5,1000000,136749.34
895,pushread5,1000000,136262.70
896,pushread5,1000000,136798.91
897,pushread5,1000000,136818.61
898,pushread5,1000000,136709.77
899,pushread5,1000000,136353.42
900,pushread5,1000000,136440.92
901,pushread5,1000000,136726.28
902,pushread5,1000000,136332.66
903,pushread5,1000000,136372.02
904,pushread5,1000000,136357.78
905,pushread5,1000000,136359.97
906,pushread5,1000000,136102.34
907,pushread5,1000000,136434.38
908,pushread5,1000000,136372.02
909,pushread5,1000000,135964.11
910,pushread5,1000000,136223.41
911,pushread5,1000000,135984.77
912,pushread5,1000000,136102.34
913,pushread5,1000000,135894.55
914,pushread5,1000000,136390.62
915,pushread5,1000000,136630.69
916,pushread5,1000000,136044.62
917,pushread5,1000000,135806.62
918,pushread5,1000000,136583.45
919,pushread5,1000000,136295.48
920,pushread5,1000000,136308.58
921,pushread5,1000000,136672.41
922,pushread5,1000000,136174.30
923,pushread5,1000000,136357.78
924,pushread5,1000000,136569.17
925,pushread5,1000000,135871.73
926,pushread5,1000000,136355.61
927,pushread5,1000000,136475.98
928,pushread5,1000000,135834.83
929,pushread5,1000000,135839.17
930,pushread5,1000000,136130.69
931,pushread5,1000000,136123.05
932,pushread5,1000000,136128.50
933,pushread5,1000000,136258.34
934,pushread5,1000000,135927.14
935,pushread5,1000000,135995.64
936,pushread5,1000000,136407.05
937,pushread5,1000000,136948.78
938,pushread5,1000000,135917.38
939,pushread5,1000000,136252.86
940,pushread5,1000000,136227.77
941,pushread5,1000000,136523.14
942,pushread5,1000000,135945.62
943,pushread5,1000000,136622.95
944,pushread5,1000000,136197.20
945,pushread5,1000000,136467.25
946,pushread5,1000000,136649.36
947,pushread5,1000000,136038.09
948,pushread5,1000000,136267.06
949,pushread5,1000000,136320.61
950,pushread5,1000000,135956.50
951,pushread5,1000000,136637.25
952,pushread5,1000000,136252.86
953,pushread5,1000000,136475.98
954,pushread5,1000000,136279.09
955,pushread5,1000000,136374.20
956,pushread5,1000000,135882.61
957,pushread5,1000000,130148.88
958,pushread5,1000000,135613.78
959,pushread5,1000000,135804.45
960,pushread5,1000000,132766.86
961,pushread5,1000000,136537.41
962,pushread5,1000000,137011.66
963,pushread5,1000000,136646.00
964,pushread5,1000000,128737.38
965,pushread5,1000000,135577.02
966,pushread5,1000000,135375.11
967,pushread5,1000000,128803.71
968,pushread5,1000000,136622.95
969,pushread5,1000000,136297.67
970,pushread5,1000000,137032.61
971,pushread5,1000000,136751.53
972,pushread5,1000000,134952.77
973,pushread5,1000000,136832.95
974,pushread5,1000000,136478.17
975,pushread5,1000000,136469.44
976,pushread5,1000000,136481.50
977,pushread5,1000000,136548.34
978,pushread5,1000000,136462.88
979,pushread5,1000000,136374.20
980,pushread5,1000000,136260.52
981,pushread5,1000000,136355.61
982,pushread5,1000000,136475.98
983,pushread5,1000000,136372.02
984,pushread5,1000000,136678.97
985,pushread5,1000000,136276.92
986,pushread5,1000000,136651.55
987,pushread5,1000000,136455.17
988,pushread5,1000000,136855.06
989,pushread5,1000000,136571.34
990,pushread5,1000000,136488.06
991,pushread5,1000000,136537.41
992,pushread5,1000000,136351.23
993,pushread5,1000000,136232.12
994,pushread5,1000000,136784.58
995,pushread5,1000000,136518.78
996,pushread5,1000000,136599.92
997,pushread5,1000000,137107.75
998,pushread5,1000000,136462.88
999,pushread5,1000000,136413.59
1000,pushread5,1000000,136473.80
1001,pushread5,1000000,136838.53
1002,pushread5,1000000,136651.55
1003,pushread5,1000000,136425.66
1004,pushread5,1000000,136369.83
1005,pushread5,1000000,136500.12
1006,pushread5,1000000,136892.55
1007,pushread5,1000000,136130.69
1008,pushread5,1000000,136618.58
1009,pushread5,1000000,136686.72
1010,pushread5,1000000,131149.64
1011,pushread5,1000000,136324.97
1012,pushread5,1000000,136264.88
1013,pushread5,1000000,136385.11
1014,pushread5,1000000,136413.59
1015,pushread5,1000000,136374.20
1016,pushread5,1000000,130686.88
1017,pushread5,1000000,136602.11
1018,pushread5,1000000,136500.12
1019,pushread5,1000000,136674.59
1020,pushread5,1000000,136225.58
1021,pushread5,1000000,136320.61
1022,pushread5,1000000,136165.58
1023,pushread5,1000000,135993.47
1024,pushread5,1000000,136892.55
1025,pushread5,1000000,136481.50
1026,pushread5,1000000,136120.86
1027,pushread5,1000000,136369.83
1028,pushread5,1000000,136462.88
1029,pushread5,1000000,135853.28
1030,pushread5,1000000,136670.22
1031,pushread5,1000000,136688.91
1032,pushread5,1000000,136397.17
1033,pushread5,1000000,136407.05
1034,pushread5,1000000,136239.78
1035,pushread5,1000000,136500.12
1036,pushread5,1000000,136558.23
1037,pushread5,1000000,136483.69
1038,pushread5,1000000,136780.20
1039,pushread5,1000000,134736.73
1040,pushread5,1000000,136407.05
1041,pushread5,1000000,136223.41
1042,pushread5,1000000,136590.00
1043,pushread5,1000000,136425.66
1044,pushread5,1000000,136434.38
1045,pushread5,1000000,134184.89
1046,pushread5,1000000,136385.11
1047,pushread5,1000000,135636.52
1048,pushread5,1000000,136817.62
1049,pushread5,1000000,136448.62
1050,pushread5,1000000,136324.97
1051,pushread5,1000000,136165.58
1052,pushread5,1000000,136446.45
1053,pushread5,1000000,136176.47
1054,pushread5,1000000,136500.12
1055,pushread5,1000000,136726.28
1056,pushread5,1000000,136695.47
1057,pushread5,1000000,136276.92
1058,pushread5,1000000,136632.88
1059,pushread5,1000000,136035.92
1060,pushread5,1000000,136380.73
1061,pushread5,1000000,136500.12
1062,pushread5,1000000,136597.73
1063,pushread5,1000000,136186.30
1064,pushread5,1000000,136223.41
1065,pushread5,1000000,135940.20
1066,pushread5,1000000,131388.78
1067,pushread5,1000000,136155.75
1068,pushread5,1000000,135964.11
1069,pushread5,1000000,136255.03
1070,pushread5,1000000,136195.02
1071,pushread5,1000000,136459.55
1072,pushread5,1000000,136081.64
1073,pushread5,1000000,136026.11
1074,pushread5,1000000,136597.73
1075,pushread5,1000000,136322.80
1076,pushread5,1000000,136562.61
1077,pushread5,1000000,136448.62
1078,pushread5,1000000,136072.94
1079,pushread5,1000000,136372.02
1080,pushread5,1000000,136324.97
1081,pushread5,1000000,134607.62
1082,pushread5,1000000,136372.02
1083,pushread5,1000000,136716.33
1084,pushread5,1000000,135107.27
1085,pushread5,1000000,136040.27
1086,pushread5,1000000,136817.62
1087,pushread5,1000000,135908.67
1088,pushread5,1000000,136369.83
1089,pushread5,1000000,136407.05
1090,pushread5,1000000,136221.22
1091,pushread5,1000000,136223.41
1092,pushread5,1000000,135961.94
1093,pushread5,1000000,136314.06
1094,pushread5,1000000,136737.22
1095,pushread5,1000000,136643.81
1096,pushread5,1000000,135869.56
1097,pushread5,1000000,136500.12
1098,pushread5,1000000,136469.44
1099,pushread5,1000000,136217.92
1100,pushread5,1000000,136462.88
1101,pushread5,1000000,136072.94
1102,pushread5,1000000,136135.03
1103,pushread5,1000000,136058.78
1104,pushread5,1000000,136585.62
1105,pushread5,1000000,136267.06
1106,pushread5,1000000,136353.42
1107,pushread5,1000000,135873.91
1108,pushread5,1000000,135945.62
1109,pushread5,1000000,135783.84
1110,pushread5,1000000,136483.69
1111,pushread5,1000000,136751.53
1112,pushread5,1000000,136091.45
1113,pushread5,1000000,136019.58
1114,pushread5,1000000,136651.55
1115,pushread5,1000000,136299.86
1116,pushread5,1000000,136485.88
1117,pushread5,1000000,136388.44
1118,pushread5,1000000,135763.23
1119,pushread5,1000000,136320.61
1120,pushread5,1000000,136165.58
1121,pushread5,1000000,136320.61
1122,pushread5,1000000,136327.16
1123,pushread5,1000000,136730.66
1124,pushread5,1000000,136630.69
1125,pushread5,1000000,136462.88
1126,pushread5,1000000,136761.48
1127,pushread5,1000000,136190.66
1128,pushread5,1000000,136562.61
1129,pushread5,1000000,136075.11
1130,pushread5,1000000,136003.27
1131,pushread5,1000000,136403.72
1132,pushread5,1000000,136606.47
1133,pushread5,1000000,136566.98
1134,pushread5,1000000,136139.39
1135,pushread5,1000000,136653.73
1136,pushread5,1000000,136788.95
1137,pushread5,1000000,136215.75
1138,pushread5,1000000,136590.00
1139,pushread5,1000000,136543.97
1140,pushread5,1000000,136397.17
1141,pushread5,1000000,136388.44
1142,pushread5,1000000,136502.31
1143,pushread5,1000000,136576.89
1144,pushread5,1000000,136562.61
1145,pushread5,1000000,136788.95
1146,pushread5,1000000,136896.92
1147,pushread5,1000000,136855.06
1148,pushread5,1000000,136167.77
1149,pushread5,1000000,136162.30
1150,pushread5,1000000,135876.08
1151,pushread5,1000000,134519.23
1152,pushread5,1000000,136747.16
1153,pushread5,1000000,136632.88
1154,pushread5,1000000,136726.28
1155,pushread5,1000000,137018.22
1156,pushread5,1000000,136504.50
1157,pushread5,1000000,136576.89
1158,pushread5,1000000,136612.02
1159,pushread5,1000000,136165.58
1160,pushread5,1000000,137030.42
1161,pushread5,1000000,136873.80
1162,pushread5,1000000,136302.03
1163,pushread5,1000000,136685.53
1164,pushread5,1000000,136948.78
1165,pushread5,1000000,134866.08
1166,pushread5,1000000,136455.17
1167,pushread5,1000000,136376.38
1168,pushread5,1000000,132058.62
1169,pushread5,1000000,136390.62
1170,pushread5,1000000,136554.89
1171,pushread5,1000000,136388.44
1172,pushread5,1000000,136681.16
1173,pushread5,1000000,136765.88
1174,pushread5,1000000,136462.88
1175,pushread5,1000000,136697.66
1176,pushread5,1000000,136211.39
1177,pushread5,1000000,137023.84
1178,pushread5,1000000,136835.14
1179,pushread5,1000000,136576.89
1180,pushread5,1000000,136559.27
1181,pushread5,1000000,136186.30
1182,pushread5,1000000,135777.33
1183,pushread5,1000000,136543.97
1184,pushread5,1000000,136207.03
1185,pushread5,1000000,136086.00
1186,pushread5,1000000,136543.97
1187,pushread5,1000000,136531.88
1188,pushread5,1000000,136337.02
1189,pushread5,1000000,136184.12
1190,pushread5,1000000,136537.41
1191,pushread5,1000000,136502.31
1192,pushread5,1000000,136492.42
1193,pushread5,1000000,136630.69
1194,pushread5,1000000,136459.55
1195,pushread5,1000000,136760.28
1196,pushread5,1000000,136060.95
1197,pushread5,1000000,136130.69
1198,pushread5,1000000,137005.08
1199,pushread5,1000000,135989.12
1200,pushread5,1000000,136593.36
1201,pushread5,1000000,136411.41
1202,pushread5,1000000,131319.77
1203,pushread5,1000000,134483.06
1204,pushread5,1000000,136807.66
1205,pushread5,1000000,136135.03
1206,pushread5,1000000,136518.78
1207,pushread5,1000000,134725.05
1208,pushread5,1000000,131462.08
1209,pushread5,1000000,135779.50
1210,pushread5,1000000,134530.00
1211,pushread5,1000000,136297.67
1212,pushread5,1000000,136670.22
1213,pushread5,1000000,137211.86
1214,pushread5,1000000,136576.89
1215,pushread5,1000000,136896.92
1216,pushread5,1000000,136618.58
1217,pushread5,1000000,136450.81
1218,pushread5,1000000,136539.59
1219,pushread5,1000000,136109.97
1220,pushread5,1000000,136511.05
1221,pushread5,1000000,136518.78
1222,pushread5,1000000,136520.95
1223,pushread5,1000000,136930.03
1224,pushread5,1000000,136075.11
1225,pushread5,1000000,135579.17
1226,pushread5,1000000,132384.44
1227,pushread5,1000000,136639.44
1228,pushread5,1000000,136932.22
1229,pushread5,1000000,133051.62
1230,pushread5,1000000,136337.02
1231,pushread5,1000000,136502.31
1232,pushread5,1000000,136040.27
1233,pushread5,1000000,136392.80
1234,pushread5,1000000,136569.17
1235,pushread5,1000000,136197.20
1236,pushread5,1000000,136388.44
1237,pushread5,1000000,136608.66
1238,pushread5,1000000,136118.69
1239,pushread5,1000000,136893.52
1240,pushread5,1000000,135964.11
1241,pushread5,1000000,136318.44
1242,pushread5,1000000,136351.23
1243,pushread5,1000000,135980.42
1244,pushread5,1000000,135980.42
1245,pushread5,1000000,136537.41
1246,pushread5,1000000,136573.53
1247,pushread5,1000000,136672.41
1248,pushread5,1000000,136165.58
1249,pushread5,1000000,136285.64
1250,pushread5,1000000,136388.44
1251,pushread5,1000000,135546.77
1252,pushread5,1000000,136201.55
1253,pushread5,1000000,136749.34
1254,pushread5,1000000,136543.97
1255,pushread5,1000000,136446.45
1256,pushread5,1000000,136520.95
1257,pushread5,1000000,136520.95
1258,pushread5,1000000,135843.52
1259,pushread5,1000000,136250.67
1260,pushread5,1000000,136892.55
1261,pushread5,1000000,136653.73
1262,pushread5,1000000,136564.80
1263,pushread5,1000000,130829.93
1264,pushread5,1000000,136001.08
1265,pushread5,1000000,136401.53
1266,pushread5,1000000,136202.67
1267,pushread5,1000000,136264.88
1268,pushread5,1000000,136670.22
1269,pushread5,1000000,136299.86
1270,pushread5,1000000,136446.45
1271,pushread5,1000000,136612.02
1272,pushread5,1000000,136276.92
1273,pushread5,1000000,136539.59
1274,pushread5,1000000,134616.23
1275,pushread5,1000000,136857.25
1276,pushread5,1000000,136664.67
1277,pushread5,1000000,136297.67
1278,pushread5,1000000,136674.59
1279,pushread5,1000000,134718.58
1280,pushread5,1000000,136504.50
1281,pushread5,1000000,135851.11
1282,pushread5,1000000,136425.66
1283,pushread5,1000000,136112.16
1284,pushread5,1000000,136128.50
1285,pushread5,1000000,136081.64
1286,pushread5,1000000,136297.67
1287,pushread5,1000000,136169.94
1288,pushread5,1000000,136502.31
1289,pushread5,1000000,136409.22
1290,pushread5,1000000,136123.05
1291,pushread5,1000000,136655.92
1292,pushread5,1000000,136502.31
1293,pushread5,1000000,136097.98
1294,pushread5,1000000,136316.25
1295,pushread5,1000000,136494.61
1296,pushread5,1000000,136017.41
1297,pushread5,1000000,136276.92
1298,pushread5,1000000,136086.00
1299,pushread5,1000000,132575.36
1300,pushread5,1000000,136485.88
1301,pushread5,1000000,136432.20
1302,pushread5,1000000,136169.94
1303,pushread5,1000000,136345.73
1304,pushread5,1000000,136369.83
1305,pushread5,1000000,136320.61
1306,pushread5,1000000,134464.97
1307,pushread5,1000000,136271.42
1308,pushread5,1000000,136334.83
1309,pushread5,1000000,136063.12
1310,pushread5,1000000,136500.12
1311,pushread5,1000000,136353.42
1312,pushread5,1000000,135982.59
1313,pushread5,1000000,136726.28
1314,pushread5,1000000,133606.94
1315,pushread5,1000000,136728.47
1316,pushread5,1000000,136520.95
1317,pushread5,1000000,136817.62
1318,pushread5,1000000,136343.56
1319,pushread5,1000000,136318.44
1320,pushread5,1000000,135597.56
1321,pushread5,1000000,136095.81
1322,pushread5,1000000,136444.27
1323,pushread5,1000000,136518.78
1324,pushread5,1000000,137187.38
1325,pushread5,1000000,136539.59
1326,pushread5,1000000,136388.44
1327,pushread5,1000000,136875.98
1328,pushread5,1000000,136276.92
1329,pushread5,1000000,137176.41
1330,pushread5,1000000,136747.16
1331,pushread5,1000000,136299.86
1332,pushread5,1000000,136606.47
1333,pushread5,1000000,136463.91
1334,pushread5,1000000,135991.30
1335,pushread5,1000000,136372.02
1336,pushread5,1000000,136803.28
1337,pushread5,1000000,136523.14
1338,pushread5,1000000,136576.89
1339,pushread5,1000000,134722.89
1340,pushread5,1000000,136394.98
1341,pushread5,1000000,136541.78
1342,pushread5,1000000,136632.88
1343,pushread5,1000000,137044.81
1344,pushread5,1000000,136875.98
1345,pushread5,1000000,136747.16
1346,pushread5,1000000,136742.78
1347,pushread5,1000000,136948.78
1348,pushread5,1000000,136562.61
1349,pushread5,1000000,136875.98
1350,pushread5,1000000,136543.97
1351,pushread5,1000000,136378.56
1352,pushread5,1000000,136726.28
1353,pushread5,1000000,137063.59
1354,pushread5,1000000,136564.80
1355,pushread5,1000000,136737.22
1356,pushread5,1000000,137067.98
1357,pushread5,1000000,136695.47
1358,pushread5,1000000,136674.59
1359,pushread5,1000000,136938.80
1360,pushread5,1000000,136483.69
1361,pushread5,1000000,137381.52
1362,pushread5,1000000,137044.81
1363,pushread5,1000000,136691.09
1364,pushread5,1000000,136782.39
1365,pushread5,1000000,136967.53
1366,pushread5,1000000,136817.62
1367,pushread5,1000000,136390.62
1368,pushread5,1000000,136747.16
1369,pushread5,1000000,136518.78
1370,pushread5,1000000,136357.78
1371,pushread5,1000000,136761.48
1372,pushread5,1000000,136861.64
1373,pushread5,1000000,136627.31
1374,pushread5,1000000,136506.69
1375,pushread5,1000000,136574.70
1376,pushread5,1000000,136763.69
1377,pushread5,1000000,136444.27
1378,pushread5,1000000,136436.56
1379,pushread5,1000000,137289.41
1380,pushread5,1000000,136819.81
1381,pushread5,1000000,136531.88
1382,pushread5,1000000,136469.44
1383,pushread5,1000000,136765.88
1384,pushread5,1000000,136842.91
1385,pushread5,1000000,136724.09
1386,pushread5,1000000,136574.70
1387,pushread5,1000000,136513.23
1388,pushread5,1000000,136488.06
1389,pushread5,1000000,136855.06
1390,pushread5,1000000,136855.06
1391,pushread5,1000000,136896.92
1392,pushread5,1000000,136635.06
1393,pushread5,1000000,136849.48
1394,pushread5,1000000,137176.41
1395,pushread5,1000000,136911.28
1396,pushread5,1000000,136730.66
1397,pushread5,1000000,136252.86
1398,pushread5,1000000,136873.80
1399,pushread5,1000000,136943.17
1400,pushread5,1000000,136651.55
1401,pushread5,1000000,136799.89
1402,pushread5,1000000,137070.17
1403,pushread5,1000000,136911.28
1404,pushread5,1000000,137005.08
1405,pushread5,1000000,136709.77
1406,pushread5,1000000,129516.90
1407,pushread5,1000000,135814.20
1408,pushread5,1000000,135091.19
1409,pushread5,1000000,135306.19
1410,pushread5,1000000,135491.67
1411,pushread5,1000000,135929.33
1412,pushread5,1000000,134751.81
1413,pushread5,1000000,135611.61
1414,pushread5,1000000,135634.34
1415,pushread5,1000000,135436.62
1416,pushread5,1000000,135583.52
1417,pushread5,1000000,135604.06
1418,pushread5,1000000,135788.19
1419,pushread5,1000000,133635.48
1420,pushread5,1000000,136649.36
1421,pushread5,1000000,136279.09
1422,pushread5,1000000,136768.06
1423,pushread5,1000000,136281.28
1424,pushread5,1000000,136320.61
1425,pushread5,1000000,136747.16
1426,pushread5,1000000,136892.55
1427,pushread5,1000000,136221.22
1428,pushread5,1000000,137082.39
1429,pushread5,1000000,134415.05
1430,pushread5,1000000,136562.61
1431,pushread5,1000000,136350.09
1432,pushread5,1000000,136135.03
1433,pushread5,1000000,136576.89
1434,pushread5,1000000,136920.05
1435,pushread5,1000000,136465.06
1436,pushread5,1000000,136267.06
1437,pushread5,1000000,136765.88
1438,pushread5,1000000,136141.56
1439,pushread5,1000000,136202.67
1440,pushread5,1000000,136660.30
1441,pushread5,1000000,136486.89
1442,pushread5,1000000,136388.44
1443,pushread5,1000000,136120.86
1444,pushread5,1000000,136341.38
1445,pushread5,1000000,136264.88
1446,pushread5,1000000,135966.28
1447,pushread5,1000000,129602.90
1448,pushread5,1000000,136593.36
1449,pushread5,1000000,136737.22
1450,pushread5,1000000,136805.47
1451,pushread5,1000000,136536.25
1452,pushread5,1000000,133978.56
1453,pushread5,1000000,136761.48
1454,pushread5,1000000,136352.28
1455,pushread5,1000000,136116.52
1456,pushread5,1000000,136424.50
1457,pushread5,1000000,136184.12
1458,pushread5,1000000,136651.55
1459,pushread5,1000000,136017.41
1460,pushread5,1000000,135989.12
1461,pushread5,1000000,136518.78
1462,pushread5,1000000,136295.48
1463,pushread5,1000000,136573.53
1464,pushread5,1000000,135938.02
1465,pushread5,1000000,136241.95
1466,pushread5,1000000,136453.00
1467,pushread5,1000000,136390.62
1468,pushread5,1000000,136007.61
1469,pushread5,1000000,136239.78
1470,pushread5,1000000,136506.69
1471,pushread5,1000000,136112.16
1472,pushread5,1000000,136264.88
1473,pushread5,1000000,136123.05
1474,pushread5,1000000,136448.62
1475,pushread5,1000000,136065.31
1476,pushread5,1000000,136292.19
1477,pushread5,1000000,136229.94
1478,pushread5,1000000,136239.78
1479,pushread5,1000000,136202.67
1480,pushread5,1000000,136339.19
1481,pushread5,1000000,136653.73
1482,pushread5,1000000,136186.30
1483,pushread5,1000000,136276.92
1484,pushread5,1000000,136372.02
1485,pushread5,1000000,136788.95
1486,pushread5,1000000,136390.62
1487,pushread5,1000000,134110.77
1488,pushread5,1000000,135966.28
1489,pushread5,1000000,136362.14
1490,pushread5,1000000,136258.34
1491,pushread5,1000000,136316.25
1492,pushread5,1000000,136269.25
1493,pushread5,1000000,136430.02
1494,pushread5,1000000,136747.16
1495,pushread5,1000000,136320.61
1496,pushread5,1000000,136188.48
1497,pushread5,1000000,135993.47
1498,pushread5,1000000,136075.11
1499,pushread5,1000000,136537.41
1500,pushread5,1000000,136297.67
1501,pushread5,1000000,136397.17
1502,pushread5,1000000,136390.62
1503,pushread5,1000000,134537.33
1504,pushread5,1000000,136165.58
1505,pushread5,1000000,137039.19
1506,pushread5,1000000,136934.41
1507,pushread5,1000000,136957.55
1508,pushread5,1000000,136116.52
1509,pushread5,1000000,136239.78
1510,pushread5,1000000,136751.53
1511,pushread5,1000000,136401.53
1512,pushread5,1000000,136236.48
1513,pushread5,1000000,136471.61
1514,pushread5,1000000,136500.12
1515,pushread5,1000000,136048.97
1516,pushread5,1000000,136276.92
1517,pushread5,1000000,136562.61
1518,pushread5,1000000,136072.94
1519,pushread5,1000000,136520.95
1520,pushread5,1000000,136258.34
1521,pushread5,1000000,136100.16
1522,pushread5,1000000,136058.78
1523,pushread5,1000000,136165.58
1524,pushread5,1000000,136462.88
1525,pushread5,1000000,136038.09
1526,pushread5,1000000,136513.23
1527,pushread5,1000000,136258.34
1528,pushread5,1000000,136262.70
1529,pushread5,1000000,136221.22
1530,pushread5,1000000,136244.14
1531,pushread5,1000000,135982.59
1532,pushread5,1000000,136248.50
1533,pushread5,1000000,136132.86
1534,pushread5,1000000,136285.64
1535,pushread5,1000000,136269.25
1536,pushread5,1000000,136388.44
1537,pushread5,1000000,136539.59
1538,pushread5,1000000,136316.25
1539,pushread5,1000000,136001.08
1540,pushread5,1000000,131194.55
1541,pushread5,1000000,136269.25
1542,pushread5,1000000,136612.02
1543,pushread5,1000000,136320.61
1544,pushread5,1000000,136599.92
1545,pushread5,1000000,136668.03
1546,pushread5,1000000,136982.88
1547,pushread5,1000000,136763.69
1548,pushread5,1000000,133637.62
1549,pushread5,1000000,136425.66
1550,pushread5,1000000,136529.70
1551,pushread5,1000000,136109.97
1552,pushread5,1000000,136046.80
1553,pushread5,1000000,136737.22
1554,pushread5,1000000,136353.42
1555,pushread5,1000000,135972.81
1556,pushread5,1000000,136357.78
1557,pushread5,1000000,136641.62
1558,pushread5,1000000,136339.19
1559,pushread5,1000000,136672.41
1560,pushread5,1000000,136132.86
1561,pushread5,1000000,136649.36
1562,pushread5,1000000,136751.53
1563,pushread5,1000000,136635.06
1564,pushread5,1000000,136597.73
1565,pushread5,1000000,136817.62
1566,pushread5,1000000,136562.61
1567,pushread5,1000000,136465.06
1568,pushread5,1000000,136889.12
1569,pushread5,1000000,136716.33
1570,pushread5,1000000,136467.25
1571,pushread5,1000000,136616.39
1572,pushread5,1000000,134842.66
1573,pushread5,1000000,136630.69
1574,pushread5,1000000,137268.36
1575,pushread5,1000000,136948.78
1576,pushread5,1000000,136732.84
1577,pushread5,1000000,136718.52
1578,pushread5,1000000,136475.98
1579,pushread5,1000000,136347.92
1580,pushread5,1000000,136388.44
1581,pushread5,1000000,136485.88
1582,pushread5,1000000,136444.27
1583,pushread5,1000000,136281.28
1584,pushread5,1000000,136747.16
1585,pushread5,1000000,136620.77
1586,pushread5,1000000,130669.80
1587,pushread5,1000000,136202.67
1588,pushread5,1000000,135933.67
1589,pushread5,1000000,136281.28
1590,pushread5,1000000,136649.36
1591,pushread5,1000000,136583.45
1592,pushread5,1000000,136674.59
1593,pushread5,1000000,128188.70
1594,pushread5,1000000,135905.42
1595,pushread5,1000000,136527.52
1596,pushread5,1000000,136525.33
1597,pushread5,1000000,136227.77
1598,pushread5,1000000,136374.20
1599,pushread5,1000000,136653.73
1600,pushread5,1000000,136413.59
1601,pushread5,1000000,136353.42
1602,pushread5,1000000,136151.41
1603,pushread5,1000000,136556.06
1604,pushread5,1000000,136630.69
1605,pushread5,1000000,136453.00
1606,pushread5,1000000,136357.78
1607,pushread5,1000000,136511.05
1608,pushread5,1000000,134543.80
1609,pushread5,1000000,136819.81
1610,pushread5,1000000,136997.25
1611,pushread5,1000000,136693.28
1612,pushread5,1000000,136649.36
1613,pushread5,1000000,136660.30
1614,pushread5,1000000,136705.41
1615,pushread5,1000000,136369.83
1616,pushread5,1000000,129948.02
1617,pushread5,1000000,136258.34
1618,pushread5,1000000,136511.05
1619,pushread5,1000000,136425.66
1620,pushread5,1000000,136546.16
1621,pushread5,1000000,136409.22
1622,pushread5,1000000,136304.22
1623,pushread5,1000000,135843.52
1624,pushread5,1000000,137007.27
1625,pushread5,1000000,136483.69
1626,pushread5,1000000,136369.83
1627,pushread5,1000000,136573.53
1628,pushread5,1000000,131630.91
1629,pushread5,1000000,134521.39
1630,pushread5,1000000,136465.06
1631,pushread5,1000000,136446.45
1632,pushread5,1000000,136374.20
1633,pushread5,1000000,136718.52
1634,pushread5,1000000,136691.09
1635,pushread5,1000000,136948.78
1636,pushread5,1000000,136780.20
1637,pushread5,1000000,136612.02
1638,pushread5,1000000,136836.34
1639,pushread5,1000000,136128.50
1640,pushread5,1000000,136724.09
1641,pushread5,1000000,136760.28
1642,pushread5,1000000,136318.44
1643,pushread5,1000000,136332.66
1644,pushread5,1000000,136390.62
1645,pushread5,1000000,136770.25
1646,pushread5,1000000,136576.89
1647,pushread5,1000000,136688.91
1648,pushread5,1000000,136747.16
1649,pushread5,1000000,136556.06
1650,pushread5,1000000,136938.80
1651,pushread5,1000000,136409.22
1652,pushread5,1000000,136283.45
1653,pushread5,1000000,137007.27
1654,pushread5,1000000,136527.52
1655,pushread5,1000000,136316.25
1656,pushread5,1000000,136462.88
1657,pushread5,1000000,136693.28
1658,pushread5,1000000,134648.17
1659,pushread5,1000000,137101.17
1660,pushread5,1000000,137049.20
1661,pushread5,1000000,137382.41
1662,pushread5,1000000,136749.34
1663,pushread5,1000000,136653.73
1664,pushread5,1000000,136894.73
1665,pushread5,1000000,136726.28
1666,pushread5,1000000,136556.06
1667,pushread5,1000000,132522.66
1668,pushread5,1000000,135800.11
1669,pushread5,1000000,136518.78
1670,pushread5,1000000,135989.12
1671,pushread5,1000000,136026.11
1672,pushread5,1000000,135906.50
1673,pushread5,1000000,136583.45
1674,pushread5,1000000,135984.77
1675,pushread5,1000000,135890.20
1676,pushread5,1000000,135984.77
1677,pushread5,1000000,135966.28
1678,pushread5,1000000,136511.05
1679,pushread5,1000000,136019.58
1680,pushread5,1000000,136622.95
1681,pushread5,1000000,136287.81
1682,pushread5,1000000,136455.17
1683,pushread5,1000000,136500.12
1684,pushread5,1000000,136026.11
1685,pushread5,1000000,136574.70
1686,pushread5,1000000,136438.75
1687,pushread5,1000000,136324.97
1688,pushread5,1000000,136523.14
1689,pushread5,1000000,136100.16
1690,pushread5,1000000,134916.34
1691,pushread5,1000000,136809.84
1692,pushread5,1000000,136707.59
1693,pushread5,1000000,136244.14
1694,pushread5,1000000,136297.67
1695,pushread5,1000000,136780.20
1696,pushread5,1000000,136618.58
1697,pushread5,1000000,136612.02
1698,pushread5,1000000,136676.78
1699,pushread5,1000000,136765.88
1700,pushread5,1000000,134282.27
1701,pushread5,1000000,136169.94
1702,pushread5,1000000,136534.06
1703,pushread5,1000000,136453.00
1704,pushread5,1000000,136285.64
1705,pushread5,1000000,136817.62
1706,pushread5,1000000,136465.06
1707,pushread5,1000000,136475.98
1708,pushread5,1000000,134534.30
1709,pushread5,1000000,136197.20
1710,pushread5,1000000,136651.55
1711,pushread5,1000000,136602.11
1712,pushread5,1000000,136411.41
1713,pushread5,1000000,136149.22
1714,pushread5,1000000,136653.73
1715,pushread5,1000000,135982.59
1716,pushread5,1000000,135210.39
1717,pushread5,1000000,135703.62
1718,pushread5,1000000,136244.14
1719,pushread5,1000000,134886.44
1720,pushread5,1000000,136299.86
1721,pushread5,1000000,136772.44
1722,pushread5,1000000,136357.78
1723,pushread5,1000000,136077.30
1724,pushread5,1000000,136938.80
1725,pushread5,1000000,136139.39
1726,pushread5,1000000,133359.64
1727,pushread5,1000000,136297.67
1728,pushread5,1000000,136506.69
1729,pushread5,1000000,136465.06
1730,pushread5,1000000,136262.70
1731,pushread5,1000000,136481.50
1732,pushread5,1000000,136260.52
1733,pushread5,1000000,136302.03
1734,pushread5,1000000,136593.36
1735,pushread5,1000000,136343.56
1736,pushread5,1000000,136139.39
1737,pushread5,1000000,136072.94
1738,pushread5,1000000,136314.06
1739,pushread5,1000000,136643.81
1740,pushread5,1000000,133195.53
1741,pushread5,1000000,136670.22
1742,pushread5,1000000,136093.62
1743,pushread5,1000000,137007.27
1744,pushread5,1000000,136560.42
1745,pushread5,1000000,136450.81
1746,pushread5,1000000,136095.81
1747,pushread5,1000000,136761.48
1748,pushread5,1000000,136283.45
1749,pushread5,1000000,135945.62
1750,pushread5,1000000,131897.66
1751,pushread5,1000000,135383.78
1752,pushread5,1000000,135505.69
1753,pushread5,1000000,133455.03
1754,pushread5,1000000,136308.58
1755,pushread5,1000000,137082.39
1756,pushread5,1000000,136502.31
1757,pushread5,1000000,136462.88
1758,pushread5,1000000,136541.78
1759,pushread5,1000000,134514.06
1760,pushread5,1000000,136576.89
1761,pushread5,1000000,136579.08
1762,pushread5,1000000,136558.23
1763,pushread5,1000000,136492.42
1764,pushread5,1000000,136260.52
1765,pushread5,1000000,136297.67
1766,pushread5,1000000,136494.61
1767,pushread5,1000000,136868.20
1768,pushread5,1000000,136579.08
1769,pushread5,1000000,136780.20
1770,pushread5,1000000,135980.42
1771,pushread5,1000000,136716.33
1772,pushread5,1000000,136427.83
1773,pushread5,1000000,136595.55
1774,pushread5,1000000,134843.58
1775,pushread5,1000000,111998.20
1776,pushread5,1000000,136488.06
1777,pushread5,1000000,136297.67
1778,pushread5,1000000,136506.69
1779,pushread5,1000000,136866.02
1780,pushread5,1000000,136128.50
1781,pushread5,1000000,136331.52
1782,pushread5,1000000,136109.97
1783,pushread5,1000000,135630.00
1784,pushread5,1000000,135779.50
1785,pushread5,1000000,135869.56
1786,pushread5,1000000,136109.97
1787,pushread5,1000000,136318.44
1788,pushread5,1000000,136149.22
1789,pushread5,1000000,136306.39
1790,pushread5,1000000,136188.48
1791,pushread5,1000000,136374.20
1792,pushread5,1000000,136369.83
1793,pushread5,1000000,136003.27
1794,pushread5,1000000,136415.77
1795,pushread5,1000000,136511.05
1796,pushread5,1000000,135913.03
1797,pushread5,1000000,135968.45
1798,pushread5,1000000,136539.59
1799,pushread5,1000000,136763.69
1800,pushread5,1000000,136397.17
1801,pushread5,1000000,136556.06
1802,pushread5,1000000,136299.86
1803,pushread5,1000000,134734.58
1804,pushread5,1000000,133390.95
1805,pushread5,1000000,136297.67
1806,pushread5,1000000,135671.14
1807,pushread5,1000000,136244.14
1808,pushread5,1000000,136167.77
1809,pushread5,1000000,136035.92
1810,pushread5,1000000,136525.33
1811,pushread5,1000000,136430.02
1812,pushread5,1000000,136297.67
1813,pushread5,1000000,136369.83
1814,pushread5,1000000,135945.62
1815,pushread5,1000000,136352.28
1816,pushread5,1000000,136112.16
1817,pushread5,1000000,136413.59
1818,pushread5,1000000,136651.55
1819,pushread5,1000000,136635.06
1820,pushread5,1000000,133339.73
1821,pushread5,1000000,136023.94
1822,pushread5,1000000,136520.95
1823,pushread5,1000000,136248.50
1824,pushread5,1000000,136032.64
1825,pushread5,1000000,136250.67
1826,pushread5,1000000,136017.41
1827,pushread5,1000000,136079.47
1828,pushread5,1000000,135675.48
1829,pushread5,1000000,135790.36
1830,pushread5,1000000,136079.47
1831,pushread5,1000000,134182.75
1832,pushread5,1000000,134464.97
1833,pushread5,1000000,136467.25
1834,pushread5,1000000,136630.69
1835,pushread5,1000000,136130.69
1836,pushread5,1000000,136676.78
1837,pushread5,1000000,136618.58
1838,pushread5,1000000,130667.71
1839,pushread5,1000000,136653.73
1840,pushread5,1000000,136686.72
1841,pushread5,1000000,136670.22
1842,pushread5,1000000,135029.97
1843,pushread5,1000000,136807.66
1844,pushread5,1000000,135876.08
1845,pushread5,1000000,135998.91
1846,pushread5,1000000,136001.08
1847,pushread5,1000000,136190.66
1848,pushread5,1000000,136165.58
1849,pushread5,1000000,133038.17
1850,pushread5,1000000,136450.81
1851,pushread5,1000000,136262.70
1852,pushread5,1000000,136455.17
1853,pushread5,1000000,137342.48
1854,pushread5,1000000,136651.55
1855,pushread5,1000000,136683.34
1856,pushread5,1000000,136574.70
1857,pushread5,1000000,136728.47
1858,pushread5,1000000,134501.14
1859,pushread5,1000000,136481.50
1860,pushread5,1000000,136500.12
1861,pushread5,1000000,136130.69
1862,pushread5,1000000,136343.56
1863,pushread5,1000000,136339.19
1864,pushread5,1000000,136244.14
1865,pushread5,1000000,135703.62
1866,pushread5,1000000,135974.98
1867,pushread5,1000000,135800.11
1868,pushread5,1000000,136241.95
1869,pushread5,1000000,136372.02
1870,pushread5,1000000,136339.19
1871,pushread5,1000000,136302.03
1872,pushread5,1000000,136001.08
1873,pushread5,1000000,135961.94
1874,pushread5,1000000,136264.88
1875,pushread5,1000000,136407.05
1876,pushread5,1000000,136724.09
1877,pushread5,1000000,136001.08
1878,pushread5,1000000,136109.97
1879,pushread5,1000000,136221.22
1880,pushread5,1000000,136019.58
1881,pushread5,1000000,135786.02
1882,pushread5,1000000,135869.56
1883,pushread5,1000000,135675.48
1884,pushread5,1000000,136109.97
1885,pushread5,1000000,136279.09
1886,pushread5,1000000,135931.50
1887,pushread5,1000000,134437.42
1888,pushread5,1000000,136574.70
1889,pushread5,1000000,136801.09
1890,pushread5,1000000,136934.41
1891,pushread5,1000000,136653.73
1892,pushread5,1000000,136564.80
1893,pushread5,1000000,136978.50
1894,pushread5,1000000,136801.09
1895,pushread5,1000000,136308.58
1896,pushread5,1000000,136668.03
1897,pushread5,1000000,136531.88
1898,pushread5,1000000,136709.77
1899,pushread5,1000000,136264.88
1900,pushread5,1000000,136861.64
1901,pushread5,1000000,136376.38
1902,pushread5,1000000,136500.12
1903,pushread5,1000000,136830.75
1904,pushread5,1000000,136593.36
1905,pushread5,1000000,136845.09
1906,pushread5,1000000,136314.06
1907,pushread5,1000000,136707.59
1908,pushread5,1000000,136822.00
1909,pushread5,1000000,136478.17
1910,pushread5,1000000,136924.42
1911,pushread5,1000000,137103.38
1912,pushread5,1000000,134415.05
1913,pushread5,1000000,136413.59
1914,pushread5,1000000,136709.77
1915,pushread5,1000000,136269.25
1916,pushread5,1000000,136167.77
1917,pushread5,1000000,136506.69
1918,pushread5,1000000,137084.58
1919,pushread5,1000000,136552.70
1920,pushread5,1000000,136302.03
1921,pushread5,1000000,136407.05
1922,pushread5,1000000,136683.34
1923,pushread5,1000000,136749.34
1924,pushread5,1000000,136343.56
1925,pushread5,1000000,136857.25
1926,pushread5,1000000,136556.06
1927,pushread5,1000000,136824.19
1928,pushread5,1000000,137055.78
1929,pushread5,1000000,133460.03
1930,pushread5,1000000,136593.36
1931,pushread5,1000000,136184.12
1932,pushread5,1000000,137084.58
1933,pushread5,1000000,136770.25
1934,pushread5,1000000,135961.94
1935,pushread5,1000000,136928.81
1936,pushread5,1000000,136711.95
1937,pushread5,1000000,136672.41
1938,pushread5,1000000,136473.80
1939,pushread5,1000000,134648.17
1940,pushread5,1000000,136351.23
1941,pushread5,1000000,136705.41
1942,pushread5,1000000,136945.36
1943,pushread5,1000000,136705.41
1944,pushread5,1000000,136903.50
1945,pushread5,1000000,137220.64
1946,pushread5,1000000,136805.47
1947,pushread5,1000000,136765.88
1948,pushread5,1000000,133067.20
1949,pushread5,1000000,136392.80
1950,pushread5,1000000,136281.28
1951,pushread5,1000000,136135.03
1952,pushread5,1000000,136093.62
1953,pushread5,1000000,132908.03
1954,pushread5,1000000,136990.69
1955,pushread5,1000000,136446.45
1956,pushread5,1000000,136392.80
1957,pushread5,1000000,136504.50
1958,pushread5,1000000,136894.73
1959,pushread5,1000000,136758.09
1960,pushread5,1000000,136595.55
1961,pushread5,1000000,136765.88
1962,pushread5,1000000,136483.69
1963,pushread5,1000000,136422.31
1964,pushread5,1000000,136693.28
1965,pushread5,1000000,136287.81
1966,pushread5,1000000,136612.02
1967,pushread5,1000000,136332.66
1968,pushread5,1000000,136709.77
1969,pushread5,1000000,137118.72
1970,pushread5,1000000,136938.80
1971,pushread5,1000000,136618.58
1972,pushread5,1000000,129500.12
1973,pushread5,1000000,135556.47
1974,pushread5,1000000,135395.61
1975,pushread5,1000000,136065.31
1976,pushread5,1000000,135839.17
1977,pushread5,1000000,135521.89
1978,pushread5,1000000,136167.77
1979,pushread5,1000000,135372.95
1980,pushread5,1000000,135283.55
1981,pushread5,1000000,134736.73
1982,pushread5,1000000,136527.52
1983,pushread5,1000000,137013.84
1984,pushread5,1000000,136732.84
1985,pushread5,1000000,137400.39
1986,pushread5,1000000,136285.64
1987,pushread5,1000000,136446.45
1988,pushread5,1000000,136747.16
1989,pushread5,1000000,136711.95
1990,pushread5,1000000,136751.53
1991,pushread5,1000000,137044.81
1992,pushread5,1000000,136425.66
1993,pushread5,1000000,136913.47
1994,pushread5,1000000,136425.66
1995,pushread5,1000000,136691.09
1996,pushread5,1000000,137063.59
1997,pushread5,1000000,134487.36
1998,pushread5,1000000,133381.70
1999,pushread5,1000000,104949.52
2000,pushread5,1000000,136432.20
